id,identifier,generation_id,evolves_from_species_id,evolution_chain_id,color_id,shape_id,habitat_id,gender_rate,capture_rate,base_happiness,is_baby,hatch_counter,has_gender_differences,growth_rate_id,forms_switchable,order,Type,evolution_trigger
1,Bulbasaur,1,,1,5,8,3,1,45,70,0,20,0,4,0,1,Grass,
2,Ivysaur,1,1,1,5,8,3,1,45,70,0,20,0,4,0,2,Grass,evolves at lv.16
3,Venusaur,1,2,1,5,8,3,1,45,70,0,20,1,4,1,3,Grass,evolves at lv.32
4,Charmander,1,,2,8,6,4,1,45,70,0,20,0,4,0,4,Fire,
5,Charmeleon,1,4,2,8,6,4,1,45,70,0,20,0,4,0,5,Fire,evolves at lv.16
6,Charizard,1,5,2,8,6,4,1,45,70,0,20,0,4,1,6,Fire,evolves at lv.36
7,Squirtle,1,,3,2,6,9,1,45,70,0,20,0,4,0,7,Water,
8,Wartortle,1,7,3,2,6,9,1,45,70,0,20,0,4,0,8,Water,evolves at lv.16
9,Blastoise,1,8,3,2,6,9,1,45,70,0,20,0,4,1,9,Water,evolves at lv.36
10,Caterpie,1,,4,5,14,2,4,255,70,0,15,0,2,0,10,Bug,
11,Metapod,1,10,4,5,2,2,4,120,70,0,15,0,2,0,11,Bug,evolves at lv.7
12,Butterfree,1,11,4,9,13,2,4,45,70,0,15,1,2,0,12,Bug,evolves at lv.10
13,Weedle,1,,5,3,14,2,4,255,70,0,15,0,2,0,13,Bug,
14,Kakuna,1,13,5,10,2,2,4,120,70,0,15,0,2,0,14,Bug,evolves at lv.7
15,Beedrill,1,14,5,10,13,2,4,45,70,0,15,0,2,1,15,Bug,evolves at lv.10
16,Pidgey,1,,6,3,9,2,4,255,70,0,15,0,4,0,16,Normal,
17,Pidgeotto,1,16,6,3,9,2,4,120,70,0,15,0,4,0,17,Normal,evolves at lv.18
18,Pidgeot,1,17,6,3,9,2,4,45,70,0,15,0,4,1,18,Normal,evolves at lv.36
19,Rattata,1,,7,7,8,3,4,255,70,0,15,1,2,0,19,Normal,
20,Raticate,1,19,7,3,8,3,4,127,70,0,15,1,2,0,20,Normal,evolves at lv.20
21,Spearow,1,,8,3,9,6,4,255,70,0,15,0,2,0,21,Normal,
22,Fearow,1,21,8,3,9,6,4,90,70,0,15,0,2,0,22,Normal,evolves at lv.20
23,Ekans,1,,9,7,2,3,4,255,70,0,20,0,2,0,23,Poison,
24,Arbok,1,23,9,7,2,3,4,90,70,0,20,0,2,0,24,Poison,evolves at lv.22
25,Pikachu,1,172,10,10,8,2,4,190,70,0,10,1,2,0,26,Electric,Level up
26,Raichu,1,25,10,10,6,2,4,75,70,0,10,1,2,0,27,Electric,evolves with thunder-stone
27,Sandshrew,1,,11,10,6,6,4,255,70,0,20,0,2,0,28,Ground,
28,Sandslash,1,27,11,10,6,6,4,90,70,0,20,0,2,0,29,Ground,evolves at lv.22
29,Nidoran-F,1,,12,2,8,3,8,235,70,0,20,0,4,0,30,Poison,
30,Nidorina,1,29,12,2,8,3,8,120,70,0,20,0,4,0,31,Poison,evolves at lv.16
31,Nidoqueen,1,30,12,2,6,3,8,45,70,0,20,0,4,0,32,Poison,evolves with moon-stone
32,Nidoran-M,1,,13,7,8,3,0,235,70,0,20,0,4,0,33,Poison,
33,Nidorino,1,32,13,7,8,3,0,120,70,0,20,0,4,0,34,Poison,evolves at lv.16
34,Nidoking,1,33,13,7,6,3,0,45,70,0,20,0,4,0,35,Poison,evolves with moon-stone
35,Clefairy,1,173,14,6,6,4,6,150,140,0,10,0,3,0,37,Fairy,Level up
36,Clefable,1,35,14,6,6,4,6,25,140,0,10,0,3,0,38,Fairy,evolves with moon-stone
37,Vulpix,1,,15,3,8,3,6,190,70,0,20,0,2,0,39,Fire,
38,Ninetales,1,37,15,10,8,3,6,75,70,0,20,0,2,0,40,Fire,evolves with fire-stone
39,Jigglypuff,1,174,16,6,12,3,6,170,70,0,10,0,3,0,42,Normal,Level up
40,Wigglytuff,1,39,16,6,12,3,6,50,70,0,10,0,3,0,43,Normal,evolves with moon-stone
41,Zubat,1,,17,7,9,1,4,255,70,0,15,1,2,0,44,Poison,
42,Golbat,1,41,17,7,9,1,4,90,70,0,15,1,2,0,45,Poison,evolves at lv.22
43,Oddish,1,,18,2,7,3,4,255,70,0,20,0,4,0,47,Grass,
44,Gloom,1,43,18,2,12,3,4,120,70,0,20,1,4,0,48,Grass,evolves at lv.21
45,Vileplume,1,44,18,8,12,3,4,45,70,0,20,1,4,0,49,Grass,evolves with leaf-stone
46,Paras,1,,19,8,14,2,4,190,70,0,20,0,2,0,51,Bug,
47,Parasect,1,46,19,8,14,2,4,75,70,0,20,0,2,0,52,Bug,evolves at lv.24
48,Venonat,1,,20,7,12,2,4,190,70,0,20,0,2,0,53,Bug,
49,Venomoth,1,48,20,7,13,2,4,75,70,0,20,0,2,0,54,Bug,evolves at lv.31
50,Diglett,1,,21,3,5,1,4,255,70,0,20,0,2,0,55,Ground,
51,Dugtrio,1,50,21,3,11,1,4,50,70,0,20,0,2,0,56,Ground,evolves at lv.26
52,Meowth,1,,22,10,8,8,4,255,70,0,20,0,2,0,57,Normal,
53,Persian,1,52,22,10,8,8,4,90,70,0,20,0,2,0,58,Normal,evolves at lv.28
54,Psyduck,1,,23,10,6,9,4,190,70,0,20,0,2,0,59,Water,
55,Golduck,1,54,23,2,6,9,4,75,70,0,20,0,2,0,60,Water,evolves at lv.33
56,Mankey,1,,24,3,6,4,4,190,70,0,20,0,2,0,61,Fighting,
57,Primeape,1,56,24,3,6,4,4,75,70,0,20,0,2,0,62,Fighting,evolves at lv.28
58,Growlithe,1,,25,3,8,3,2,190,70,0,20,0,1,0,63,Fire,
59,Arcanine,1,58,25,3,8,3,2,75,70,0,20,0,1,0,64,Fire,evolves with fire-stone
60,Poliwag,1,,26,2,7,9,4,255,70,0,20,0,4,0,65,Water,
61,Poliwhirl,1,60,26,2,12,9,4,120,70,0,20,0,4,0,66,Water,evolves at lv.25
62,Poliwrath,1,61,26,2,12,9,4,45,70,0,20,0,4,0,67,Water,evolves with water-stone
63,Abra,1,,27,3,6,8,2,200,70,0,20,0,4,0,69,Psychic,
64,Kadabra,1,63,27,3,6,8,2,100,70,0,20,1,4,0,70,Psychic,evolves at lv.16
65,Alakazam,1,64,27,3,12,8,2,50,70,0,20,1,4,1,71,Psychic,Trade
66,Machop,1,,28,4,6,4,2,180,70,0,20,0,4,0,72,Fighting,
67,Machoke,1,66,28,4,12,4,2,90,70,0,20,0,4,0,73,Fighting,evolves at lv.28
68,Machamp,1,67,28,4,12,4,2,45,70,0,20,0,4,0,74,Fighting,Trade
69,Bellsprout,1,,29,5,12,2,4,255,70,0,20,0,4,0,75,Grass,
70,Weepinbell,1,69,29,5,5,2,4,120,70,0,20,0,4,0,76,Grass,evolves at lv.21
71,Victreebel,1,70,29,5,5,2,4,45,70,0,20,0,4,0,77,Grass,evolves with leaf-stone
72,Tentacool,1,,30,2,10,7,4,190,70,0,20,0,1,0,78,Water,
73,Tentacruel,1,72,30,2,10,7,4,60,70,0,20,0,1,0,79,Water,evolves at lv.30
74,Geodude,1,,31,3,4,4,4,255,70,0,15,0,4,0,80,Rock,
75,Graveler,1,74,31,3,12,4,4,120,70,0,15,0,4,0,81,Rock,evolves at lv.25
76,Golem,1,75,31,3,12,4,4,45,70,0,15,0,4,0,82,Rock,Trade
77,Ponyta,1,,32,10,8,3,4,190,70,0,20,0,2,0,83,Fire,
78,Rapidash,1,77,32,10,8,3,4,60,70,0,20,0,2,0,84,Fire,evolves at lv.40
79,Slowpoke,1,,33,6,8,9,4,190,70,0,20,0,2,0,85,Water,
80,Slowbro,1,79,33,6,6,9,4,75,70,0,20,0,2,1,86,Water,evolves at lv.37
81,Magnemite,1,,34,4,4,6,-1,190,70,0,20,0,2,0,88,Electric,
82,Magneton,1,81,34,4,11,6,-1,60,70,0,20,0,2,0,89,Electric,evolves at lv.30
83,Farfetch'd,1,,35,3,9,3,4,45,70,0,20,0,2,0,91,Normal,
84,Doduo,1,,36,3,7,3,4,190,70,0,20,1,2,0,92,Normal,
85,Dodrio,1,84,36,3,7,3,4,45,70,0,20,1,2,0,93,Normal,evolves at lv.31
86,Seel,1,,37,9,3,7,4,190,70,0,20,0,2,0,94,Water,
87,Dewgong,1,86,37,9,3,7,4,75,70,0,20,0,2,0,95,Water,evolves at lv.34
88,Grimer,1,,38,7,4,8,4,190,70,0,20,0,2,0,96,Poison,
89,Muk,1,88,38,7,4,8,4,75,70,0,20,0,2,0,97,Poison,evolves at lv.38
90,Shellder,1,,39,7,1,7,4,190,70,0,20,0,1,0,98,Water,
91,Cloyster,1,90,39,7,1,7,4,60,70,0,20,0,1,0,99,Water,evolves with water-stone
92,Gastly,1,,40,7,1,1,4,190,70,0,20,0,4,0,100,Ghost,
93,Haunter,1,92,40,7,4,1,4,90,70,0,20,0,4,0,101,Ghost,evolves at lv.25
94,Gengar,1,93,40,7,6,1,4,45,70,0,20,0,4,1,102,Ghost,Trade
95,Onix,1,,41,4,2,1,4,45,70,0,25,0,2,0,103,Rock,
96,Drowzee,1,,42,10,12,3,4,190,70,0,20,0,2,0,105,Psychic,
97,Hypno,1,96,42,10,12,3,4,75,70,0,20,1,2,0,106,Psychic,evolves at lv.26
98,Krabby,1,,43,8,14,9,4,225,70,0,20,0,2,0,107,Water,
99,Kingler,1,98,43,8,14,9,4,60,70,0,20,0,2,0,108,Water,evolves at lv.28
100,Voltorb,1,,44,8,1,8,-1,190,70,0,20,0,2,0,109,Electric,
101,Electrode,1,100,44,8,1,8,-1,60,70,0,20,0,2,0,110,Electric,evolves at lv.30
102,Exeggcute,1,,45,6,11,2,4,90,70,0,20,0,1,0,111,Grass,
103,Exeggutor,1,102,45,10,7,2,4,45,70,0,20,0,1,0,112,Grass,evolves with leaf-stone
104,Cubone,1,,46,3,6,4,4,190,70,0,20,0,2,0,113,Ground,
105,Marowak,1,104,46,3,6,4,4,75,70,0,20,0,2,0,114,Ground,evolves at lv.28
106,Hitmonlee,1,236,47,3,12,8,0,45,70,0,25,0,2,0,116,Fighting,evolves at lv.20
107,Hitmonchan,1,236,47,3,12,8,0,45,70,0,25,0,2,0,117,Fighting,evolves at lv.20
108,Lickitung,1,,48,6,6,3,4,45,70,0,20,0,2,0,119,Normal,
109,Koffing,1,,49,7,1,8,4,190,70,0,20,0,2,0,121,Poison,
110,Weezing,1,109,49,7,11,8,4,60,70,0,20,0,2,0,122,Poison,evolves at lv.35
111,Rhyhorn,1,,50,4,8,6,4,120,70,0,20,1,1,0,123,Ground,
112,Rhydon,1,111,50,4,6,6,4,60,70,0,20,1,1,0,124,Ground,evolves at lv.42
113,Chansey,1,440,51,6,6,8,8,30,140,0,40,0,3,0,127,Normal,Level up
114,Tangela,1,,52,2,7,3,4,45,70,0,20,0,2,0,129,Grass,
115,Kangaskhan,1,,53,3,6,3,8,45,70,0,20,0,2,1,131,Normal,
116,Horsea,1,,54,2,5,7,4,225,70,0,20,0,2,0,132,Water,
117,Seadra,1,116,54,2,5,7,4,75,70,0,20,0,2,0,133,Water,evolves at lv.32
118,Goldeen,1,,55,8,3,9,4,225,70,0,20,1,2,0,135,Water,
119,Seaking,1,118,55,8,3,9,4,60,70,0,20,1,2,0,136,Water,evolves at lv.33
120,Staryu,1,,56,3,5,7,-1,225,70,0,20,0,1,0,137,Water,
121,Starmie,1,120,56,7,5,7,-1,60,70,0,20,0,1,0,138,Water,evolves with water-stone
122,Mr. Mime,1,439,57,6,12,8,4,45,70,0,25,0,2,0,140,Psychic,Level up
123,Scyther,1,,58,5,13,3,4,45,70,0,25,1,2,0,141,Bug,
124,Jynx,1,238,59,8,12,8,8,45,70,0,25,0,2,0,144,Ice,evolves at lv.30
125,Electabuzz,1,239,60,10,6,3,2,45,70,0,25,0,2,0,146,Electric,evolves at lv.30
126,Magmar,1,240,61,8,6,4,2,45,70,0,25,0,2,0,149,Fire,evolves at lv.30
127,Pinsir,1,,62,3,12,2,4,45,70,0,25,0,1,1,151,Bug,
128,Tauros,1,,63,3,8,3,0,45,70,0,20,0,1,0,152,Normal,
129,Magikarp,1,,64,8,3,9,4,255,70,0,5,1,1,0,153,Water,
130,Gyarados,1,129,64,2,2,9,4,45,70,0,5,1,1,1,154,Water,evolves at lv.20
131,Lapras,1,,65,2,3,7,4,45,70,0,40,0,1,0,155,Water,
132,Ditto,1,,66,7,1,8,-1,35,70,0,20,0,2,0,156,Normal,
133,Eevee,1,,67,3,8,8,1,45,70,0,35,0,2,0,157,Normal,
134,Vaporeon,1,133,67,2,8,8,1,45,70,0,35,0,2,0,158,Water,evolves with water-stone
135,Jolteon,1,133,67,10,8,8,1,45,70,0,35,0,2,0,159,Electric,evolves with thunder-stone
136,Flareon,1,133,67,8,8,8,1,45,70,0,35,0,2,0,160,Fire,evolves with fire-stone
137,Porygon,1,,68,6,7,8,-1,45,70,0,20,0,2,0,166,Normal,
138,Omanyte,1,,69,2,10,7,1,45,70,0,30,0,2,0,169,Rock,
139,Omastar,1,138,69,2,10,7,1,45,70,0,30,0,2,0,170,Rock,evolves at lv.40
140,Kabuto,1,,70,3,14,7,1,45,70,0,30,0,2,0,171,Rock,
141,Kabutops,1,140,70,3,6,7,1,45,70,0,30,0,2,0,172,Rock,evolves at lv.40
142,Aerodactyl,1,,71,7,9,4,1,45,70,0,35,0,1,1,173,Rock,
143,Snorlax,1,446,72,1,12,4,1,25,70,0,40,0,1,0,175,Normal,Level up
144,Articuno,1,,73,2,9,5,-1,3,35,0,80,0,1,0,176,Ice,
145,Zapdos,1,,74,10,9,5,-1,3,35,0,80,0,1,0,177,Electric,
146,Moltres,1,,75,10,9,5,-1,3,35,0,80,0,1,0,178,Fire,
147,Dratini,1,,76,2,2,9,4,45,35,0,40,0,1,0,179,Dragon,
148,Dragonair,1,147,76,2,2,9,4,45,35,0,40,0,1,0,180,Dragon,evolves at lv.30
149,Dragonite,1,148,76,3,6,9,4,45,35,0,40,0,1,0,181,Dragon,evolves at lv.55
150,Mewtwo,1,,77,7,6,5,-1,3,0,0,120,0,1,1,182,Psychic,
151,Mew,1,,78,6,6,5,-1,45,100,0,120,0,4,0,183,Psychic,
152,Chikorita,2,,79,5,8,3,1,45,70,0,20,0,4,0,184,Grass,
153,Bayleef,2,152,79,5,8,3,1,45,70,0,20,0,4,0,185,Grass,evolves at lv.16
154,Meganium,2,153,79,5,8,3,1,45,70,0,20,1,4,0,186,Grass,evolves at lv.32
155,Cyndaquil,2,,80,10,12,3,1,45,70,0,20,0,4,0,187,Fire,
156,Quilava,2,155,80,10,8,3,1,45,70,0,20,0,4,0,188,Fire,evolves at lv.14
157,Typhlosion,2,156,80,10,8,3,1,45,70,0,20,0,4,0,189,Fire,evolves at lv.36
158,Totodile,2,,81,2,6,9,1,45,70,0,20,0,4,0,190,Water,
159,Croconaw,2,158,81,2,6,9,1,45,70,0,20,0,4,0,191,Water,evolves at lv.18
160,Feraligatr,2,159,81,2,6,9,1,45,70,0,20,0,4,0,192,Water,evolves at lv.30
161,Sentret,2,,82,3,8,3,4,255,70,0,15,0,2,0,193,Normal,
162,Furret,2,161,82,3,8,3,4,90,70,0,15,0,2,0,194,Normal,evolves at lv.15
163,Hoothoot,2,,83,3,9,2,4,255,70,0,15,0,2,0,195,Normal,
164,Noctowl,2,163,83,3,9,2,4,90,70,0,15,0,2,0,196,Normal,evolves at lv.20
165,Ledyba,2,,84,8,9,2,4,255,70,0,15,1,3,0,197,Bug,
166,Ledian,2,165,84,8,9,2,4,90,70,0,15,1,3,0,198,Bug,evolves at lv.18
167,Spinarak,2,,85,5,14,2,4,255,70,0,15,0,3,0,199,Bug,
168,Ariados,2,167,85,8,14,2,4,90,70,0,15,0,3,0,200,Bug,evolves at lv.22
169,Crobat,2,42,17,7,13,1,4,90,70,0,15,0,2,0,46,Poison,Level up
170,Chinchou,2,,86,2,3,7,4,190,70,0,20,0,1,0,201,Water,
171,Lanturn,2,170,86,2,3,7,4,75,70,0,20,0,1,0,202,Water,evolves at lv.27
172,Pichu,2,,10,10,8,2,4,190,70,1,10,0,2,0,25,Electric,
173,Cleffa,2,,14,6,6,4,6,150,140,1,10,0,3,0,36,Fairy,
174,Igglybuff,2,,16,6,12,3,6,170,70,1,10,0,3,0,41,Normal,
175,Togepi,2,,87,9,12,2,1,190,70,1,10,0,3,0,203,Fairy,
176,Togetic,2,175,87,9,12,2,1,75,70,0,10,0,3,0,204,Fairy,Level up
177,Natu,2,,88,5,9,2,4,190,70,0,20,0,2,0,206,Psychic,
178,Xatu,2,177,88,5,9,2,4,75,70,0,20,1,2,0,207,Psychic,evolves at lv.25
179,Mareep,2,,89,9,8,3,4,235,70,0,20,0,4,0,208,Electric,
180,Flaaffy,2,179,89,6,6,3,4,120,70,0,20,0,4,0,209,Electric,evolves at lv.15
181,Ampharos,2,180,89,10,6,3,4,45,70,0,20,0,4,1,210,Electric,evolves at lv.30
182,Bellossom,2,44,18,5,12,3,4,45,70,0,20,0,4,0,50,Grass,evolves with sun-stone
183,Marill,2,298,90,2,6,9,4,190,70,0,10,0,3,0,212,Water,Level up
184,Azumarill,2,183,90,2,6,9,4,75,70,0,10,0,3,0,213,Water,evolves at lv.18
185,Sudowoodo,2,438,91,3,12,2,4,65,70,0,20,1,2,0,215,Rock,Level up
186,Politoed,2,61,26,5,12,9,4,45,70,0,20,1,4,0,68,Water,evolves by trading kings-rock
187,Hoppip,2,,92,6,6,3,4,255,70,0,20,0,4,0,216,Grass,
188,Skiploom,2,187,92,5,6,3,4,120,70,0,20,0,4,0,217,Grass,evolves at lv.18
189,Jumpluff,2,188,92,2,6,3,4,45,70,0,20,0,4,0,218,Grass,evolves at lv.27
190,Aipom,2,,93,7,6,2,4,45,70,0,20,1,3,0,219,Normal,
191,Sunkern,2,,94,10,1,3,4,235,70,0,20,0,4,0,221,Grass,
192,Sunflora,2,191,94,10,12,3,4,120,70,0,20,0,4,0,222,Grass,evolves with sun-stone
193,Yanma,2,,95,8,13,2,4,75,70,0,20,0,2,0,223,Bug,
194,Wooper,2,,96,2,7,9,4,255,70,0,20,1,2,0,225,Water,
195,Quagsire,2,194,96,2,6,9,4,90,70,0,20,1,2,0,226,Water,evolves at lv.20
196,Espeon,2,133,67,7,8,8,1,45,70,0,35,0,2,0,161,Psychic,Level up
197,Umbreon,2,133,67,1,8,8,1,45,35,0,35,0,2,0,162,Dark,Level up
198,Murkrow,2,,97,1,9,2,4,30,35,0,20,1,4,0,227,Dark,
199,Slowking,2,79,33,6,6,9,4,70,70,0,20,0,2,0,87,Water,evolves by trading kings-rock
200,Misdreavus,2,,98,4,1,1,4,45,35,0,25,0,3,0,229,Ghost,
201,Unown,2,,99,1,1,5,-1,225,70,0,40,0,2,0,231,Psychic,
202,Wobbuffet,2,360,100,2,5,1,4,45,70,0,20,1,2,0,233,Psychic,evolves at lv.15
203,Girafarig,2,,101,10,8,3,4,60,70,0,20,1,2,0,234,Normal,
204,Pineco,2,,102,4,1,2,4,190,70,0,20,0,2,0,235,Bug,
205,Forretress,2,204,102,7,1,2,4,75,70,0,20,0,2,0,236,Bug,evolves at lv.31
206,Dunsparce,2,,103,10,2,1,4,190,70,0,20,0,2,0,237,Normal,
207,Gligar,2,,104,7,9,4,4,60,70,0,20,1,4,0,238,Ground,
208,Steelix,2,95,41,4,2,1,4,25,70,0,25,1,2,1,104,Steel,evolves by trading metal-coat
209,Snubbull,2,,105,6,12,8,6,190,70,0,20,0,3,0,240,Fairy,
210,Granbull,2,209,105,7,6,8,6,75,70,0,20,0,3,0,241,Fairy,evolves at lv.23
211,Qwilfish,2,,106,4,3,7,4,45,70,0,20,0,2,0,242,Water,
212,Scizor,2,123,58,8,13,3,4,25,70,0,25,1,2,1,142,Bug,evolves by trading metal-coat
213,Shuckle,2,,107,10,14,4,4,190,70,0,20,0,4,0,243,Bug,
214,Heracross,2,,108,2,12,2,4,45,70,0,25,1,1,1,244,Bug,
215,Sneasel,2,,109,1,6,2,4,60,35,0,20,1,4,0,245,Dark,
216,Teddiursa,2,,110,3,6,4,4,120,70,0,20,0,2,0,247,Normal,
217,Ursaring,2,216,110,3,6,4,4,60,70,0,20,1,2,0,248,Normal,evolves at lv.30
218,Slugma,2,,111,8,2,4,4,190,70,0,20,0,2,0,249,Fire,
219,Magcargo,2,218,111,8,2,4,4,75,70,0,20,0,2,0,250,Fire,evolves at lv.38
220,Swinub,2,,112,3,8,1,4,225,70,0,20,0,1,0,251,Ice,
221,Piloswine,2,220,112,3,8,1,4,75,70,0,20,1,1,0,252,Ice,evolves at lv.33
222,Corsola,2,,113,6,14,7,6,60,70,0,20,0,3,0,254,Water,
223,Remoraid,2,,114,4,3,7,4,190,70,0,20,0,2,0,255,Water,
224,Octillery,2,223,114,8,10,7,4,75,70,0,20,1,2,0,256,Water,evolves at lv.25
225,Delibird,2,,115,8,9,4,4,45,70,0,20,0,3,0,257,Ice,
226,Mantine,2,458,116,7,9,7,4,25,70,0,25,0,1,0,259,Water,Level up
227,Skarmory,2,,117,4,9,6,4,25,70,0,25,0,1,0,260,Steel,
228,Houndour,2,,118,1,8,6,4,120,35,0,20,0,1,0,261,Dark,
229,Houndoom,2,228,118,1,8,6,4,45,35,0,20,1,1,1,262,Dark,evolves at lv.24
230,Kingdra,2,117,54,2,5,7,4,45,70,0,20,0,2,0,134,Water,evolves by trading dragon-scale
231,Phanpy,2,,119,2,8,6,4,120,70,0,20,0,2,0,263,Ground,
232,Donphan,2,231,119,4,8,6,4,60,70,0,20,1,2,0,264,Ground,evolves at lv.25
233,Porygon2,2,137,68,8,7,8,-1,45,70,0,20,0,2,0,167,Normal,evolves by trading up-grade
234,Stantler,2,,120,3,8,2,4,45,70,0,20,0,1,0,265,Normal,
235,Smeargle,2,,121,9,6,8,4,45,70,0,20,0,3,0,266,Normal,
236,Tyrogue,2,,47,7,12,8,0,75,70,1,25,0,2,0,115,Fighting,
237,Hitmontop,2,236,47,3,6,8,0,45,70,0,25,0,2,0,118,Fighting,evolves at lv.20
238,Smoochum,2,,59,6,12,8,8,45,70,1,25,0,2,0,143,Ice,
239,Elekid,2,,60,10,12,3,2,45,70,1,25,0,2,0,145,Electric,
240,Magby,2,,61,8,6,4,2,45,70,1,25,0,2,0,148,Fire,
241,Miltank,2,,122,6,6,3,8,45,70,0,20,0,1,0,267,Normal,
242,Blissey,2,113,51,6,12,8,8,30,140,0,40,0,3,0,128,Normal,Level up
243,Raikou,2,,123,10,8,3,-1,3,35,0,80,0,1,0,268,Electric,
244,Entei,2,,124,3,8,3,-1,3,35,0,80,0,1,0,269,Fire,
245,Suicune,2,,125,2,8,3,-1,3,35,0,80,0,1,0,270,Water,
246,Larvitar,2,,126,5,6,4,4,45,35,0,40,0,1,0,271,Rock,
247,Pupitar,2,246,126,4,2,4,4,45,35,0,40,0,1,0,272,Rock,evolves at lv.30
248,Tyranitar,2,247,126,5,6,4,4,45,35,0,40,0,1,1,273,Rock,evolves at lv.55
249,Lugia,2,,127,9,9,5,-1,3,0,0,120,0,1,0,274,Psychic,
250,Ho-oh,2,,128,8,9,5,-1,3,0,0,120,0,1,0,275,Fire,
251,Celebi,2,,129,5,12,2,-1,45,100,0,120,0,4,0,276,Psychic,
252,Treecko,3,,130,5,6,2,1,45,70,0,20,0,4,0,277,Grass,
253,Grovyle,3,252,130,5,6,2,1,45,70,0,20,0,4,0,278,Grass,evolves at lv.16
254,Sceptile,3,253,130,5,6,2,1,45,70,0,20,0,4,1,279,Grass,evolves at lv.36
255,Torchic,3,,131,8,7,3,1,45,70,0,20,1,4,0,280,Fire,
256,Combusken,3,255,131,8,6,3,1,45,70,0,20,1,4,0,281,Fire,evolves at lv.16
257,Blaziken,3,256,131,8,6,3,1,45,70,0,20,1,4,1,282,Fire,evolves at lv.36
258,Mudkip,3,,132,2,8,9,1,45,70,0,20,0,4,0,283,Water,
259,Marshtomp,3,258,132,2,6,9,1,45,70,0,20,0,4,0,284,Water,evolves at lv.16
260,Swampert,3,259,132,2,6,9,1,45,70,0,20,0,4,1,285,Water,evolves at lv.36
261,Poochyena,3,,133,4,8,3,4,255,70,0,15,0,2,0,286,Dark,
262,Mightyena,3,261,133,4,8,3,4,127,70,0,15,0,2,0,287,Dark,evolves at lv.18
263,Zigzagoon,3,,134,3,8,3,4,255,70,0,15,0,2,0,288,Normal,
264,Linoone,3,263,134,9,8,3,4,90,70,0,15,0,2,0,289,Normal,evolves at lv.20
265,Wurmple,3,,135,8,14,2,4,255,70,0,15,0,2,0,290,Bug,
266,Silcoon,3,265,135,9,1,2,4,120,70,0,15,0,2,0,291,Bug,evolves at lv.7
267,Beautifly,3,266,135,10,13,2,4,45,70,0,15,1,2,0,292,Bug,evolves at lv.10
268,Cascoon,3,265,135,7,1,2,4,120,70,0,15,0,2,0,293,Bug,evolves at lv.7
269,Dustox,3,268,135,5,13,2,4,45,70,0,15,1,2,0,294,Bug,evolves at lv.10
270,Lotad,3,,136,5,14,9,4,255,70,0,15,0,4,0,295,Water,
271,Lombre,3,270,136,5,12,9,4,120,70,0,15,0,4,0,296,Water,evolves at lv.14
272,Ludicolo,3,271,136,5,12,9,4,45,70,0,15,1,4,0,297,Water,evolves with water-stone
273,Seedot,3,,137,3,7,2,4,255,70,0,15,0,4,0,298,Grass,
274,Nuzleaf,3,273,137,3,12,2,4,120,70,0,15,1,4,0,299,Grass,evolves at lv.14
275,Shiftry,3,274,137,3,12,2,4,45,70,0,15,1,4,0,300,Grass,evolves with leaf-stone
276,Taillow,3,,138,2,9,3,4,200,70,0,15,0,4,0,301,Normal,
277,Swellow,3,276,138,2,9,3,4,45,70,0,15,0,4,0,302,Normal,evolves at lv.22
278,Wingull,3,,139,9,9,7,4,190,70,0,20,0,2,0,303,Water,
279,Pelipper,3,278,139,10,9,7,4,45,70,0,20,0,2,0,304,Water,evolves at lv.25
280,Ralts,3,,140,9,12,8,4,235,35,0,20,0,1,0,305,Psychic,
281,Kirlia,3,280,140,9,12,8,4,120,35,0,20,0,1,0,306,Psychic,evolves at lv.20
282,Gardevoir,3,281,140,9,12,8,4,45,35,0,20,0,1,1,307,Psychic,evolves at lv.30
283,Surskit,3,,141,2,14,9,4,200,70,0,15,0,2,0,309,Bug,
284,Masquerain,3,283,141,2,13,9,4,75,70,0,15,0,2,0,310,Bug,evolves at lv.22
285,Shroomish,3,,142,3,7,2,4,255,70,0,15,0,6,0,311,Grass,
286,Breloom,3,285,142,5,6,2,4,90,70,0,15,0,6,0,312,Grass,evolves at lv.23
287,Slakoth,3,,143,3,8,2,4,255,70,0,15,0,1,0,313,Normal,
288,Vigoroth,3,287,143,9,6,2,4,120,70,0,15,0,1,0,314,Normal,evolves at lv.18
289,Slaking,3,288,143,3,12,2,4,45,70,0,15,0,1,0,315,Normal,evolves at lv.36
290,Nincada,3,,144,4,14,2,4,255,70,0,15,0,5,0,316,Bug,
291,Ninjask,3,290,144,10,13,2,4,120,70,0,15,0,5,0,317,Bug,evolves at lv.20
292,Shedinja,3,290,144,3,5,2,-1,45,70,0,15,0,5,0,318,Bug,Shed
293,Whismur,3,,145,6,6,1,4,190,70,0,20,0,4,0,319,Normal,
294,Loudred,3,293,145,2,6,1,4,120,70,0,20,0,4,0,320,Normal,evolves at lv.20
295,Exploud,3,294,145,2,6,1,4,45,70,0,20,0,4,0,321,Normal,evolves at lv.40
296,Makuhita,3,,146,10,12,4,2,180,70,0,20,0,6,0,322,Fighting,
297,Hariyama,3,296,146,3,12,4,2,200,70,0,20,0,6,0,323,Fighting,evolves at lv.24
298,Azurill,3,,90,2,7,9,6,150,70,1,10,0,3,0,211,Normal,
299,Nosepass,3,,147,4,12,1,4,255,70,0,20,0,2,0,324,Rock,
300,Skitty,3,,148,6,8,2,6,255,70,0,15,0,3,0,326,Normal,
301,Delcatty,3,300,148,7,8,2,6,60,70,0,15,0,3,0,327,Normal,evolves with moon-stone
302,Sableye,3,,149,7,12,1,4,45,35,0,25,0,4,1,328,Dark,
303,Mawile,3,,150,1,12,1,4,45,70,0,20,0,3,1,329,Steel,
304,Aron,3,,151,4,8,4,4,180,35,0,35,0,1,0,330,Steel,
305,Lairon,3,304,151,4,8,4,4,90,35,0,35,0,1,0,331,Steel,evolves at lv.32
306,Aggron,3,305,151,4,6,4,4,45,35,0,35,0,1,1,332,Steel,evolves at lv.42
307,Meditite,3,,152,2,12,4,4,180,70,0,20,1,2,0,333,Fighting,
308,Medicham,3,307,152,8,12,4,4,90,70,0,20,1,2,1,334,Fighting,evolves at lv.37
309,Electrike,3,,153,5,8,3,4,120,70,0,20,0,1,0,335,Electric,
310,Manectric,3,309,153,10,8,3,4,45,70,0,20,0,1,1,336,Electric,evolves at lv.26
311,Plusle,3,,154,10,6,3,4,200,70,0,20,0,2,0,337,Electric,
312,Minun,3,,155,10,6,3,4,200,70,0,20,0,2,0,338,Electric,
313,Volbeat,3,,156,4,6,2,0,150,70,0,15,0,5,0,339,Bug,
314,Illumise,3,,157,7,12,2,8,150,70,0,15,0,6,0,340,Bug,
315,Roselia,3,406,158,5,12,3,4,150,70,0,20,1,4,0,342,Grass,Level up
316,Gulpin,3,,159,5,4,3,4,225,70,0,20,1,6,0,344,Poison,
317,Swalot,3,316,159,7,4,3,4,75,70,0,20,1,6,0,345,Poison,evolves at lv.26
318,Carvanha,3,,160,8,3,7,4,225,35,0,20,0,1,0,346,Water,
319,Sharpedo,3,318,160,2,3,7,4,60,35,0,20,0,1,1,347,Water,evolves at lv.30
320,Wailmer,3,,161,2,3,7,4,125,70,0,40,0,6,0,348,Water,
321,Wailord,3,320,161,2,3,7,4,60,70,0,40,0,6,0,349,Water,evolves at lv.40
322,Numel,3,,162,10,8,4,4,255,70,0,20,1,2,0,350,Fire,
323,Camerupt,3,322,162,8,8,4,4,150,70,0,20,1,2,1,351,Fire,evolves at lv.33
324,Torkoal,3,,163,3,8,4,4,90,70,0,20,0,2,0,352,Fire,
325,Spoink,3,,164,1,4,4,4,255,70,0,20,0,3,0,353,Psychic,
326,Grumpig,3,325,164,7,6,4,4,60,70,0,20,0,3,0,354,Psychic,evolves at lv.32
327,Spinda,3,,165,3,6,4,4,255,70,0,15,0,3,0,355,Normal,
328,Trapinch,3,,166,3,14,6,4,255,70,0,20,0,4,0,356,Ground,
329,Vibrava,3,328,166,5,13,6,4,120,70,0,20,0,4,0,357,Ground,evolves at lv.35
330,Flygon,3,329,166,5,9,6,4,45,70,0,20,0,4,0,358,Ground,evolves at lv.45
331,Cacnea,3,,167,5,12,6,4,190,35,0,20,0,4,0,359,Grass,
332,Cacturne,3,331,167,5,12,6,4,60,35,0,20,1,4,0,360,Grass,evolves at lv.32
333,Swablu,3,,168,2,9,2,4,255,70,0,20,0,5,0,361,Normal,
334,Altaria,3,333,168,2,9,2,4,45,70,0,20,0,5,1,362,Dragon,evolves at lv.35
335,Zangoose,3,,169,9,6,3,4,90,70,0,20,0,5,0,363,Normal,
336,Seviper,3,,170,1,2,3,4,90,70,0,20,0,6,0,364,Poison,
337,Lunatone,3,,171,10,1,1,-1,45,70,0,25,0,3,0,365,Rock,
338,Solrock,3,,172,8,1,1,-1,45,70,0,25,0,3,0,366,Rock,
339,Barboach,3,,173,4,3,9,4,190,70,0,20,0,2,0,367,Water,
340,Whiscash,3,339,173,2,3,9,4,75,70,0,20,0,2,0,368,Water,evolves at lv.30
341,Corphish,3,,174,8,14,9,4,205,70,0,15,0,6,0,369,Water,
342,Crawdaunt,3,341,174,8,14,9,4,155,70,0,15,0,6,0,370,Water,evolves at lv.30
343,Baltoy,3,,175,3,4,6,-1,255,70,0,20,0,2,0,371,Ground,
344,Claydol,3,343,175,1,4,6,-1,90,70,0,20,0,2,0,372,Ground,evolves at lv.36
345,Lileep,3,,176,7,5,7,1,45,70,0,30,0,5,0,373,Rock,
346,Cradily,3,345,176,5,5,7,1,45,70,0,30,0,5,0,374,Rock,evolves at lv.40
347,Anorith,3,,177,4,14,9,1,45,70,0,30,0,5,0,375,Rock,
348,Armaldo,3,347,177,4,6,9,1,45,70,0,30,0,5,0,376,Rock,evolves at lv.40
349,Feebas,3,,178,3,3,9,4,255,70,0,20,0,5,0,377,Water,
350,Milotic,3,349,178,6,2,9,4,60,70,0,20,1,5,0,378,Water,Level up
351,Castform,3,,179,4,1,3,4,45,70,0,25,0,2,1,379,Normal,
352,Kecleon,3,,180,5,6,2,4,200,70,0,20,0,4,0,380,Normal,
353,Shuppet,3,,181,1,1,8,4,225,35,0,25,0,3,0,381,Ghost,
354,Banette,3,353,181,1,6,8,4,45,35,0,25,0,3,1,382,Ghost,evolves at lv.37
355,Duskull,3,,182,1,4,2,4,190,35,0,25,0,3,0,383,Ghost,
356,Dusclops,3,355,182,1,12,2,4,90,35,0,25,0,3,0,384,Ghost,evolves at lv.37
357,Tropius,3,,183,5,8,2,4,200,70,0,25,0,1,0,386,Grass,
358,Chimecho,3,433,184,2,4,3,4,45,70,0,25,0,3,0,388,Psychic,Level up
359,Absol,3,,185,9,8,4,4,30,35,0,25,0,4,1,389,Dark,
360,Wynaut,3,,100,2,6,1,4,125,70,1,20,0,2,0,232,Psychic,
361,Snorunt,3,,186,4,12,1,4,190,70,0,20,0,2,0,390,Ice,
362,Glalie,3,361,186,4,1,1,4,75,70,0,20,0,2,1,391,Ice,evolves at lv.42
363,Spheal,3,,187,2,3,7,4,255,70,0,20,0,4,0,393,Ice,
364,Sealeo,3,363,187,2,3,7,4,120,70,0,20,0,4,0,394,Ice,evolves at lv.32
365,Walrein,3,364,187,2,8,7,4,45,70,0,20,0,4,0,395,Ice,evolves at lv.44
366,Clamperl,3,,188,2,1,7,4,255,70,0,20,0,5,0,396,Water,
367,Huntail,3,366,188,2,2,7,4,60,70,0,20,0,5,0,397,Water,evolves by trading deep-sea-tooth
368,Gorebyss,3,366,188,6,2,7,4,60,70,0,20,0,5,0,398,Water,evolves by trading deep-sea-scale
369,Relicanth,3,,189,4,3,7,1,25,70,0,40,1,1,0,399,Water,
370,Luvdisc,3,,190,6,3,7,6,225,70,0,20,0,3,0,400,Water,
371,Bagon,3,,191,2,12,6,4,45,35,0,40,0,1,0,401,Dragon,
372,Shelgon,3,371,191,9,8,6,4,45,35,0,40,0,1,0,402,Dragon,evolves at lv.30
373,SalamenceMega Salamence,3,372,191,2,8,6,4,45,35,0,40,0,1,1,403,Dragon,evolves at lv.50
374,Beldum,3,,192,2,5,6,-1,3,35,0,40,0,1,0,404,Steel,
375,Metang,3,374,192,2,4,6,-1,3,35,0,40,0,1,0,405,Steel,evolves at lv.20
376,Metagross,3,375,192,2,11,6,-1,3,35,0,40,0,1,1,406,Steel,evolves at lv.45
377,Regirock,3,,193,3,12,1,-1,3,35,0,80,0,1,0,407,Rock,
378,Regice,3,,194,2,12,1,-1,3,35,0,80,0,1,0,408,Ice,
379,Registeel,3,,195,4,12,1,-1,3,35,0,80,0,1,0,409,Steel,
380,Latias,3,,196,8,9,9,8,3,90,0,120,0,1,1,410,Dragon,
381,Latios,3,,197,2,9,9,0,3,90,0,120,0,1,1,411,Dragon,
382,Kyogre,3,,198,2,3,7,-1,3,0,0,120,0,1,1,412,Water,
383,Groudon,3,,199,8,6,6,-1,3,0,0,120,0,1,1,413,Ground,
384,Rayquaza,3,,200,5,2,5,-1,45,0,0,120,0,1,1,414,Dragon,
385,Jirachi,3,,201,10,12,4,-1,3,100,0,120,0,1,0,415,Steel,
386,Deoxys,3,,202,8,12,5,-1,3,0,0,120,0,1,1,416,Psychic,
387,Turtwig,4,,203,5,8,,1,45,70,0,20,0,4,0,417,Grass,
388,Grotle,4,387,203,5,8,,1,45,70,0,20,0,4,0,418,Grass,evolves at lv.18
389,Torterra,4,388,203,5,8,,1,45,70,0,20,0,4,0,419,Grass,evolves at lv.32
390,Chimchar,4,,204,3,6,,1,45,70,0,20,0,4,0,420,Fire,
391,Monferno,4,390,204,3,6,,1,45,70,0,20,0,4,0,421,Fire,evolves at lv.14
392,Infernape,4,391,204,3,6,,1,45,70,0,20,0,4,0,422,Fire,evolves at lv.36
393,Piplup,4,,205,2,12,,1,45,70,0,20,0,4,0,423,Water,
394,Prinplup,4,393,205,2,6,,1,45,70,0,20,0,4,0,424,Water,evolves at lv.16
395,Empoleon,4,394,205,2,6,,1,45,70,0,20,0,4,0,425,Water,evolves at lv.36
396,Starly,4,,206,3,9,,4,255,70,0,15,1,4,0,426,Normal,
397,Staravia,4,396,206,3,9,,4,120,70,0,15,1,4,0,427,Normal,evolves at lv.14
398,Staraptor,4,397,206,3,9,,4,45,70,0,15,1,4,0,428,Normal,evolves at lv.34
399,Bidoof,4,,207,3,8,,4,255,70,0,15,1,2,0,429,Normal,
400,Bibarel,4,399,207,3,6,,4,127,70,0,15,1,2,0,430,Normal,evolves at lv.15
401,Kricketot,4,,208,8,12,,4,255,70,0,15,1,4,0,431,Bug,
402,Kricketune,4,401,208,8,13,,4,45,70,0,15,1,4,0,432,Bug,evolves at lv.10
403,Shinx,4,,209,2,8,,4,235,70,0,20,1,4,0,433,Electric,
404,Luxio,4,403,209,2,8,,4,120,100,0,20,1,4,0,434,Electric,evolves at lv.15
405,Luxray,4,404,209,2,8,,4,45,70,0,20,1,4,0,435,Electric,evolves at lv.30
406,Budew,4,,158,5,12,,4,255,70,1,20,0,4,0,341,Grass,
407,Roserade,4,315,158,5,12,,4,75,70,0,20,1,4,0,343,Grass,evolves with shiny-stone
408,Cranidos,4,,211,2,6,,1,45,70,0,30,0,5,0,436,Rock,
409,Rampardos,4,408,211,2,6,,1,45,70,0,30,0,5,0,437,Rock,evolves at lv.30
410,Shieldon,4,,212,4,8,,1,45,70,0,30,0,5,0,438,Rock,
411,Bastiodon,4,410,212,4,8,,1,45,70,0,30,0,5,0,439,Rock,evolves at lv.30
412,Burmy,4,,213,5,5,,4,120,70,0,15,0,2,1,440,Bug,
413,WormadamPlant Cloak,4,412,213,5,5,,8,45,70,0,15,0,2,0,441,Bug,evolves at lv.20
414,Mothim,4,412,213,10,13,,0,45,70,0,15,0,2,0,442,Bug,evolves at lv.20
415,Combee,4,,214,10,11,,1,120,70,0,15,1,4,0,443,Bug,
416,Vespiquen,4,415,214,10,13,,8,45,70,0,15,0,4,0,444,Bug,evolves at lv.21
417,Pachirisu,4,,215,9,8,,4,200,100,0,10,1,2,0,445,Electric,
418,Buizel,4,,216,3,8,,4,190,70,0,20,1,2,0,446,Water,
419,Floatzel,4,418,216,3,8,,4,75,70,0,20,1,2,0,447,Water,evolves at lv.26
420,Cherubi,4,,217,6,11,,4,190,70,0,20,0,2,0,448,Grass,
421,Cherrim,4,420,217,7,7,,4,75,70,0,20,0,2,1,449,Grass,evolves at lv.25
422,Shellos,4,,218,7,2,,4,190,70,0,20,0,2,0,450,Water,
423,Gastrodon,4,422,218,7,2,,4,75,70,0,20,0,2,0,451,Water,evolves at lv.30
424,Ambipom,4,190,93,7,6,,4,45,100,0,20,1,3,0,220,Normal,Level up
425,Drifloon,4,,219,7,4,,4,125,70,0,30,0,6,0,452,Ghost,
426,Drifblim,4,425,219,7,4,,4,60,70,0,30,0,6,0,453,Ghost,evolves at lv.28
427,Buneary,4,,220,3,6,,4,190,0,0,20,0,2,0,454,Normal,
428,Lopunny,4,427,220,3,6,,4,60,140,0,20,0,2,1,455,Normal,Level up
429,Mismagius,4,200,98,7,1,,4,45,35,0,25,0,3,0,230,Ghost,evolves with dusk-stone
430,Honchkrow,4,198,97,1,9,,4,30,35,0,20,0,4,0,228,Dark,evolves with dusk-stone
431,Glameow,4,,221,4,8,,6,190,70,0,20,0,3,0,456,Normal,
432,Purugly,4,431,221,4,8,,6,75,70,0,20,0,3,0,457,Normal,evolves at lv.38
433,Chingling,4,,184,10,12,,4,120,70,1,25,0,3,0,387,Psychic,
434,Stunky,4,,223,7,8,,4,225,70,0,20,0,2,0,458,Poison,
435,Skuntank,4,434,223,7,8,,4,60,70,0,20,0,2,0,459,Poison,evolves at lv.34
436,Bronzor,4,,224,5,1,,-1,255,70,0,20,0,2,0,460,Steel,
437,Bronzong,4,436,224,5,4,,-1,90,70,0,20,0,2,0,461,Steel,evolves at lv.33
438,Bonsly,4,,91,3,7,,4,255,70,1,20,0,2,0,214,Rock,
439,Mime Jr.,4,,57,6,12,,4,145,70,1,25,0,2,0,139,Psychic,
440,Happiny,4,,51,6,12,,8,130,140,1,40,0,3,0,126,Normal,
441,Chatot,4,,228,1,9,,4,30,35,0,20,0,4,0,462,Normal,
442,Spiritomb,4,,229,7,5,,4,100,70,0,30,0,2,0,463,Ghost,
443,Gible,4,,230,2,6,,4,45,70,0,40,1,1,0,464,Dragon,
444,Gabite,4,443,230,2,6,,4,45,70,0,40,1,1,0,465,Dragon,evolves at lv.24
445,Garchomp,4,444,230,2,6,,4,45,70,0,40,1,1,1,466,Dragon,evolves at lv.48
446,Munchlax,4,,72,1,12,,1,50,70,1,40,0,1,0,174,Normal,
447,Riolu,4,,232,2,6,,1,75,70,1,25,0,4,0,467,Fighting,
448,Lucario,4,447,232,2,6,,1,45,70,0,25,0,4,1,468,Fighting,Level up
449,Hippopotas,4,,233,3,8,,4,140,70,0,30,1,1,0,469,Ground,
450,Hippowdon,4,449,233,3,8,,4,60,70,0,30,1,1,0,470,Ground,evolves at lv.34
451,Skorupi,4,,234,7,14,,4,120,70,0,20,0,1,0,471,Poison,
452,Drapion,4,451,234,7,14,,4,45,70,0,20,0,1,0,472,Poison,evolves at lv.40
453,Croagunk,4,,235,2,12,,4,140,100,0,10,1,2,0,473,Poison,
454,Toxicroak,4,453,235,2,12,,4,75,70,0,20,1,2,0,474,Poison,evolves at lv.37
455,Carnivine,4,,236,5,10,,4,200,70,0,25,0,1,0,475,Grass,
456,Finneon,4,,237,2,3,,4,190,70,0,20,1,5,0,476,Water,
457,Lumineon,4,456,237,2,3,,4,75,70,0,20,1,5,0,477,Water,evolves at lv.31
458,Mantyke,4,,116,2,9,,4,25,70,1,25,0,1,0,258,Water,
459,Snover,4,,239,9,6,,4,120,70,0,20,1,1,0,478,Grass,
460,Abomasnow,4,459,239,9,6,,4,60,70,0,20,1,1,1,479,Grass,evolves at lv.40
461,Weavile,4,215,109,1,6,,4,45,35,0,20,1,4,0,246,Dark,Level up
462,Magnezone,4,82,34,4,4,,-1,30,70,0,20,0,2,0,90,Electric,Level up
463,Lickilicky,4,108,48,6,12,,4,30,70,0,20,0,2,0,120,Normal,Level up
464,Rhyperior,4,112,50,4,6,,4,30,70,0,20,1,1,0,125,Ground,evolves by trading protector
465,Tangrowth,4,114,52,2,12,,4,30,70,0,20,1,2,0,130,Grass,Level up
466,Electivire,4,125,60,10,6,,2,30,70,0,25,0,2,0,147,Electric,evolves by trading electirizer
467,Magmortar,4,126,61,8,6,,2,30,70,0,25,0,2,0,150,Fire,evolves by trading magmarizer
468,Togekiss,4,176,87,9,9,,1,30,70,0,10,0,3,0,205,Fairy,evolves with shiny-stone
469,Yanmega,4,193,95,5,13,,4,30,70,0,20,0,2,0,224,Bug,Level up
470,Leafeon,4,133,67,5,8,,1,45,35,0,35,0,2,0,163,Grass,Level up
471,Glaceon,4,133,67,2,8,,1,45,35,0,35,0,2,0,164,Ice,Level up
472,Gliscor,4,207,104,7,9,,4,30,70,0,20,0,4,0,239,Ground,Level up
473,Mamoswine,4,221,112,3,8,,4,50,70,0,20,1,1,0,253,Ice,Level up
474,Porygon-Z,4,233,68,8,4,,-1,30,70,0,20,0,2,0,168,Normal,evolves by trading dubious-disc
475,Gallade,4,281,140,9,12,,0,45,35,0,20,0,1,1,308,Psychic,evolves with dawn-stone
476,Probopass,4,299,147,4,11,,4,60,70,0,20,0,2,0,325,Rock,Level up
477,Dusknoir,4,356,182,1,4,,4,45,35,0,25,0,3,0,385,Ghost,evolves by trading reaper-cloth
478,Froslass,4,361,186,9,4,,8,75,70,0,20,0,2,0,392,Ice,evolves with dawn-stone
479,Rotom,4,,240,8,1,,-1,45,70,0,20,0,2,1,480,Electric,
480,Uxie,4,,241,10,6,,-1,3,140,0,80,0,1,0,481,Psychic,
481,Mesprit,4,,242,6,6,,-1,3,140,0,80,0,1,0,482,Psychic,
482,Azelf,4,,243,2,6,,-1,3,140,0,80,0,1,0,483,Psychic,
483,Dialga,4,,244,9,8,,-1,3,0,0,120,0,1,0,484,Steel,
484,Palkia,4,,245,7,6,,-1,3,0,0,120,0,1,0,485,Water,
485,Heatran,4,,246,3,8,,4,3,100,0,10,0,1,0,486,Fire,
486,Regigigas,4,,247,9,12,,-1,3,0,0,120,0,1,0,487,Normal,
487,Giratina,4,,248,1,10,,-1,3,0,0,120,0,1,1,488,Ghost,
488,Cresselia,4,,249,10,2,,8,3,100,0,120,0,1,0,489,Psychic,
489,Phione,4,,250,2,4,,-1,30,70,0,40,0,1,0,490,Water,
490,Manaphy,4,,250,2,12,,-1,3,70,0,10,0,1,0,491,Water,
491,Darkrai,4,,252,1,12,,-1,3,0,0,120,0,1,0,492,Dark,
492,Shaymin,4,,253,5,8,,-1,45,100,0,120,0,4,1,493,Grass,
493,Arceus,4,,254,9,8,,-1,3,0,0,120,0,1,1,494,Normal,
494,Victini,5,,255,10,12,,-1,3,100,0,120,0,1,0,495,Psychic,
495,Snivy,5,,256,5,6,,1,45,70,0,20,0,4,0,496,Grass,
496,Servine,5,495,256,5,6,,1,45,70,0,20,0,4,0,497,Grass,evolves at lv.17
497,Serperior,5,496,256,5,2,,1,45,70,0,20,0,4,0,498,Grass,evolves at lv.36
498,Tepig,5,,257,8,8,,1,45,70,0,20,0,4,0,499,Fire,
499,Pignite,5,498,257,8,6,,1,45,70,0,20,0,4,0,500,Fire,evolves at lv.17
500,Emboar,5,499,257,8,6,,1,45,70,0,20,0,4,0,501,Fire,evolves at lv.36
501,Oshawott,5,,258,2,6,,1,45,70,0,20,0,4,0,502,Water,
502,Dewott,5,501,258,2,6,,1,45,70,0,20,0,4,0,503,Water,evolves at lv.17
503,Samurott,5,502,258,2,8,,1,45,70,0,20,0,4,0,504,Water,evolves at lv.36
504,Patrat,5,,259,3,8,,4,255,70,0,15,0,2,0,505,Normal,
505,Watchog,5,504,259,3,6,,4,255,70,0,20,0,2,0,506,Normal,evolves at lv.20
506,Lillipup,5,,260,3,8,,4,255,70,0,15,0,4,0,507,Normal,
507,Herdier,5,506,260,4,8,,4,120,70,0,15,0,4,0,508,Normal,evolves at lv.16
508,Stoutland,5,507,260,4,8,,4,45,70,0,15,0,4,0,509,Normal,evolves at lv.32
509,Purrloin,5,,261,7,8,,4,255,70,0,20,0,2,0,510,Dark,
510,Liepard,5,509,261,7,8,,4,90,70,0,20,0,2,0,511,Dark,evolves at lv.20
511,Pansage,5,,262,5,6,,1,190,70,0,20,0,2,0,512,Grass,
512,Simisage,5,511,262,5,6,,1,75,70,0,20,0,2,0,513,Grass,evolves with leaf-stone
513,Pansear,5,,263,8,6,,1,190,70,0,20,0,2,0,514,Fire,
514,Simisear,5,513,263,8,6,,1,75,70,0,20,0,2,0,515,Fire,evolves with fire-stone
515,Panpour,5,,264,2,6,,1,190,70,0,20,0,2,0,516,Water,
516,Simipour,5,515,264,2,6,,1,75,70,0,20,0,2,0,517,Water,evolves with water-stone
517,Munna,5,,265,6,8,,4,190,70,0,10,0,3,0,518,Psychic,
518,Musharna,5,517,265,6,12,,4,75,70,0,10,0,3,0,519,Psychic,evolves with moon-stone
519,Pidove,5,,266,4,9,,4,255,70,0,15,0,4,0,520,Normal,
520,Tranquill,5,519,266,4,9,,4,120,70,0,15,0,4,0,521,Normal,evolves at lv.21
521,Unfezant,5,520,266,4,9,,4,45,70,0,15,1,4,0,522,Normal,evolves at lv.32
522,Blitzle,5,,267,1,8,,4,190,70,0,20,0,2,0,523,Electric,
523,Zebstrika,5,522,267,1,8,,4,75,70,0,20,0,2,0,524,Electric,evolves at lv.27
524,Roggenrola,5,,268,2,7,,4,255,70,0,15,0,4,0,525,Rock,
525,Boldore,5,524,268,2,10,,4,120,70,0,15,0,4,0,526,Rock,evolves at lv.25
526,Gigalith,5,525,268,2,10,,4,45,70,0,15,0,4,0,527,Rock,Trade
527,Woobat,5,,269,2,9,,4,190,70,0,15,0,2,0,528,Psychic,
528,Swoobat,5,527,269,2,9,,4,45,70,0,15,0,2,0,529,Psychic,Level up
529,Drilbur,5,,270,4,6,,4,120,70,0,20,0,2,0,530,Ground,
530,Excadrill,5,529,270,4,12,,4,60,70,0,20,0,2,0,531,Ground,evolves at lv.31
531,Audino,5,,271,6,6,,4,255,70,0,20,0,3,1,532,Normal,
532,Timburr,5,,272,4,12,,2,180,70,0,20,0,4,0,533,Fighting,
533,Gurdurr,5,532,272,4,12,,2,90,70,0,20,0,4,0,534,Fighting,evolves at lv.25
534,Conkeldurr,5,533,272,3,12,,2,45,70,0,20,0,4,0,535,Fighting,Trade
535,Tympole,5,,273,2,3,,4,255,70,0,20,0,4,0,536,Water,
536,Palpitoad,5,535,273,2,6,,4,120,70,0,20,0,4,0,537,Water,evolves at lv.25
537,Seismitoad,5,536,273,2,12,,4,45,70,0,20,0,4,0,538,Water,evolves at lv.36
538,Throh,5,,274,8,12,,0,45,70,0,20,0,2,0,539,Fighting,
539,Sawk,5,,275,2,12,,0,45,70,0,20,0,2,0,540,Fighting,
540,Sewaddle,5,,276,10,14,,4,255,70,0,15,0,4,0,541,Bug,
541,Swadloon,5,540,276,5,4,,4,120,70,0,15,0,4,0,542,Bug,evolves at lv.20
542,Leavanny,5,541,276,10,12,,4,45,70,0,15,0,4,0,543,Bug,Level up
543,Venipede,5,,277,8,14,,4,255,70,0,15,0,4,0,544,Bug,
544,Whirlipede,5,543,277,4,1,,4,120,70,0,15,0,4,0,545,Bug,evolves at lv.22
545,Scolipede,5,544,277,8,14,,4,45,70,0,20,0,4,0,546,Bug,evolves at lv.30
546,Cottonee,5,,278,5,1,,4,190,70,0,20,0,2,0,547,Grass,
547,Whimsicott,5,546,278,5,12,,4,75,70,0,20,0,2,0,548,Grass,evolves with sun-stone
548,Petilil,5,,279,5,5,,8,190,70,0,20,0,2,0,549,Grass,
549,Lilligant,5,548,279,5,5,,8,75,70,0,20,0,2,0,550,Grass,evolves with sun-stone
550,Basculin,5,,280,5,3,,4,25,70,0,40,0,2,0,551,Water,
551,Sandile,5,,281,3,8,,4,180,70,0,20,0,4,0,552,Ground,
552,Krokorok,5,551,281,3,8,,4,90,70,0,20,0,4,0,553,Ground,evolves at lv.29
553,Krookodile,5,552,281,8,6,,4,45,70,0,20,0,4,0,554,Ground,evolves at lv.40
554,Darumaka,5,,282,8,12,,4,120,70,0,20,0,4,0,555,Fire,
555,Darmanitan,5,554,282,8,8,,4,60,70,0,20,0,4,1,556,Fire,evolves at lv.35
556,Maractus,5,,283,5,5,,4,255,70,0,20,0,2,0,557,Grass,
557,Dwebble,5,,284,8,14,,4,190,70,0,20,0,2,0,558,Bug,
558,Crustle,5,557,284,8,14,,4,75,70,0,20,0,2,0,559,Bug,evolves at lv.34
559,Scraggy,5,,285,10,6,,4,180,35,0,15,0,2,0,560,Dark,
560,Scrafty,5,559,285,8,6,,4,90,70,0,15,0,2,0,561,Dark,evolves at lv.39
561,Sigilyph,5,,286,1,9,,4,45,70,0,20,0,2,0,562,Psychic,
562,Yamask,5,,287,1,4,,4,190,70,0,25,0,2,0,563,Ghost,
563,Cofagrigus,5,562,287,10,5,,4,90,70,0,25,0,2,0,564,Ghost,evolves at lv.34
564,Tirtouga,5,,288,2,8,,1,45,70,0,30,0,2,0,565,Water,
565,Carracosta,5,564,288,2,6,,1,45,70,0,30,0,2,0,566,Water,evolves at lv.37
566,Archen,5,,289,10,9,,1,45,70,0,30,0,2,0,567,Rock,
567,Archeops,5,566,289,10,9,,1,45,70,0,30,0,2,0,568,Rock,evolves at lv.37
568,Trubbish,5,,290,5,12,,4,190,70,0,20,0,2,0,569,Poison,
569,Garbodor,5,568,290,5,12,,4,60,70,0,20,0,2,0,570,Poison,evolves at lv.36
570,Zorua,5,,291,4,8,,1,75,70,0,25,0,4,0,571,Dark,
571,Zoroark,5,570,291,4,6,,1,45,70,0,20,0,4,0,572,Dark,evolves at lv.30
572,Minccino,5,,292,4,8,,6,255,70,0,15,0,3,0,573,Normal,
573,Cinccino,5,572,292,4,8,,6,60,70,0,15,0,3,0,574,Normal,evolves with shiny-stone
574,Gothita,5,,293,7,12,,6,200,70,0,20,0,4,0,575,Psychic,
575,Gothorita,5,574,293,7,12,,6,100,70,0,20,0,4,0,576,Psychic,evolves at lv.32
576,Gothitelle,5,575,293,7,12,,6,50,70,0,20,0,4,0,577,Psychic,evolves at lv.41
577,Solosis,5,,294,5,1,,4,200,70,0,20,0,4,0,578,Psychic,
578,Duosion,5,577,294,5,1,,4,100,70,0,20,0,4,0,579,Psychic,evolves at lv.32
579,Reuniclus,5,578,294,5,4,,4,50,70,0,20,0,4,0,580,Psychic,evolves at lv.41
580,Ducklett,5,,295,2,9,,4,190,70,0,20,0,2,0,581,Water,
581,Swanna,5,580,295,9,9,,4,45,70,0,20,0,2,0,582,Water,evolves at lv.35
582,Vanillite,5,,296,9,5,,4,255,70,0,20,0,1,0,583,Ice,
583,Vanillish,5,582,296,9,5,,4,120,70,0,20,0,1,0,584,Ice,evolves at lv.35
584,Vanilluxe,5,583,296,9,11,,4,45,70,0,20,0,1,0,585,Ice,evolves at lv.47
585,Deerling,5,,297,6,8,,4,190,70,0,20,0,2,1,586,Normal,
586,Sawsbuck,5,585,297,3,8,,4,75,70,0,20,0,2,1,587,Normal,evolves at lv.34
587,Emolga,5,,298,9,8,,4,200,70,0,20,0,2,0,588,Electric,
588,Karrablast,5,,299,2,12,,4,200,70,0,15,0,2,0,589,Bug,
589,Escavalier,5,588,299,4,4,,4,75,70,0,15,0,2,0,590,Bug,Trade: species - shelmet
590,Foongus,5,,300,9,4,,4,190,70,0,20,0,2,0,591,Grass,
591,Amoonguss,5,590,300,9,4,,4,75,70,0,20,0,2,0,592,Grass,evolves at lv.39
592,Frillish,5,,301,9,10,,4,190,70,0,20,1,2,0,593,Water,
593,Jellicent,5,592,301,9,10,,4,60,70,0,20,1,2,0,594,Water,evolves at lv.40
594,Alomomola,5,,302,6,3,,4,75,70,0,40,0,3,0,595,Water,
595,Joltik,5,,303,10,14,,4,190,70,0,20,0,2,0,596,Bug,
596,Galvantula,5,595,303,10,14,,4,75,70,0,20,0,2,0,597,Bug,evolves at lv.36
597,Ferroseed,5,,304,4,1,,4,255,70,0,20,0,2,0,598,Grass,
598,Ferrothorn,5,597,304,4,10,,4,90,70,0,20,0,2,0,599,Grass,evolves at lv.40
599,Klink,5,,305,4,11,,-1,130,70,0,20,0,4,0,600,Steel,
600,Klang,5,599,305,4,11,,-1,60,70,0,20,0,4,0,601,Steel,evolves at lv.38
601,Klinklang,5,600,305,4,11,,-1,30,70,0,20,0,4,0,602,Steel,evolves at lv.49
602,Tynamo,5,,306,9,3,,4,190,70,0,20,0,1,0,603,Electric,
603,Eelektrik,5,602,306,2,3,,4,60,70,0,20,0,1,0,604,Electric,evolves at lv.39
604,Eelektross,5,603,306,2,3,,4,30,70,0,20,0,1,0,605,Electric,evolves with thunder-stone
605,Elgyem,5,,307,2,6,,4,255,70,0,20,0,2,0,606,Psychic,
606,Beheeyem,5,605,307,3,12,,4,90,70,0,20,0,2,0,607,Psychic,evolves at lv.42
607,Litwick,5,,308,9,5,,4,190,70,0,20,0,4,0,608,Ghost,
608,Lampent,5,607,308,1,4,,4,90,70,0,20,0,4,0,609,Ghost,evolves at lv.41
609,Chandelure,5,608,308,1,4,,4,45,70,0,20,0,4,0,610,Ghost,evolves with dusk-stone
610,Axew,5,,309,5,6,,4,75,35,0,40,0,1,0,611,Dragon,
611,Fraxure,5,610,309,5,6,,4,60,35,0,40,0,1,0,612,Dragon,evolves at lv.38
612,Haxorus,5,611,309,10,6,,4,45,35,0,40,0,1,0,613,Dragon,evolves at lv.48
613,Cubchoo,5,,310,9,6,,4,120,70,0,20,0,2,0,614,Ice,
614,Beartic,5,613,310,9,8,,4,60,70,0,20,0,2,0,615,Ice,evolves at lv.37
615,Cryogonal,5,,311,2,1,,-1,25,70,0,25,0,2,0,616,Ice,
616,Shelmet,5,,312,8,1,,4,200,70,0,15,0,2,0,617,Bug,
617,Accelgor,5,616,312,8,4,,4,75,70,0,15,0,2,0,618,Bug,Trade: species - karrablast
618,Stunfisk,5,,313,3,3,,4,75,70,0,20,0,2,0,619,Ground,
619,Mienfoo,5,,314,10,6,,4,180,70,0,25,0,4,0,620,Fighting,
620,Mienshao,5,619,314,7,6,,4,45,70,0,25,0,4,0,621,Fighting,evolves at lv.50
621,Druddigon,5,,315,8,6,,4,45,70,0,30,0,2,0,622,Dragon,
622,Golett,5,,316,5,12,,-1,190,70,0,25,0,2,0,623,Ground,
623,Golurk,5,622,316,5,12,,-1,90,70,0,25,0,2,0,624,Ground,evolves at lv.43
624,Pawniard,5,,317,8,12,,4,120,35,0,20,0,2,0,625,Dark,
625,Bisharp,5,624,317,8,12,,4,45,35,0,20,0,2,0,626,Dark,evolves at lv.52
626,Bouffalant,5,,318,3,8,,4,45,70,0,20,0,2,0,627,Normal,
627,Rufflet,5,,319,9,9,,0,190,70,0,20,0,1,0,628,Normal,
628,Braviary,5,627,319,8,9,,0,60,70,0,20,0,1,0,629,Normal,evolves at lv.54
629,Vullaby,5,,320,3,9,,8,190,35,0,20,0,1,0,630,Dark,
630,Mandibuzz,5,629,320,3,9,,8,60,35,0,20,0,1,0,631,Dark,evolves at lv.54
631,Heatmor,5,,321,8,6,,4,90,70,0,20,0,2,0,632,Fire,
632,Durant,5,,322,4,14,,4,90,70,0,20,0,2,0,633,Bug,
633,Deino,5,,323,2,8,,4,45,35,0,40,0,1,0,634,Dark,
634,Zweilous,5,633,323,2,8,,4,45,35,0,40,0,1,0,635,Dark,evolves at lv.50
635,Hydreigon,5,634,323,2,6,,4,45,35,0,40,0,1,0,636,Dark,evolves at lv.64
636,Larvesta,5,,324,9,14,,4,45,70,0,40,0,1,0,637,Bug,
637,Volcarona,5,636,324,9,13,,4,15,70,0,40,0,1,0,638,Bug,evolves at lv.59
638,Cobalion,5,,325,2,8,,-1,3,35,0,80,0,1,0,639,Steel,
639,Terrakion,5,,326,4,8,,-1,3,35,0,80,0,1,0,640,Rock,
640,Virizion,5,,327,5,8,,-1,3,35,0,80,0,1,0,641,Grass,
641,Tornadus,5,,328,5,4,,0,3,90,0,120,0,1,1,642,Flying,
642,Thundurus,5,,329,2,4,,0,3,90,0,120,0,1,1,643,Electric,
643,Reshiram,5,,330,9,9,,-1,3,0,0,120,0,1,0,644,Dragon,
644,Zekrom,5,,331,1,6,,-1,3,0,0,120,0,1,0,645,Dragon,
645,Landorus,5,,332,3,4,,0,3,90,0,120,0,1,1,646,Ground,
646,Kyurem,5,,333,4,6,,-1,3,0,0,120,0,1,1,647,Dragon,
647,Keldeo,5,,334,10,8,,-1,3,35,0,80,0,1,1,648,Water,
648,Meloetta,5,,335,9,12,,-1,3,100,0,120,0,1,1,649,Normal,
649,Genesect,5,,336,7,12,,-1,3,0,0,120,0,1,1,650,Bug,
650,Chespin,6,,337,5,6,,1,45,70,0,20,0,4,0,651,Grass,
651,Quilladin,6,650,337,5,6,,1,45,70,0,20,0,4,0,652,Grass,evolves at lv.16
652,Chesnaught,6,651,337,5,6,,1,45,70,0,20,0,4,0,653,Grass,evolves at lv.36
653,Fennekin,6,,338,8,8,,1,45,70,0,20,0,4,0,654,Fire,
654,Braixen,6,653,338,8,6,,1,45,70,0,20,0,4,0,655,Fire,evolves at lv.16
655,Delphox,6,654,338,8,6,,1,45,70,0,20,0,4,0,656,Fire,evolves at lv.36
656,Froakie,6,,339,2,8,,1,45,70,0,20,0,4,0,657,Water,
657,Frogadier,6,656,339,2,12,,1,45,70,0,20,0,4,0,658,Water,evolves at lv.16
658,Greninja,6,657,339,2,12,,1,45,70,0,20,0,4,0,659,Water,evolves at lv.36
659,Bunnelby,6,,340,3,6,,4,255,70,0,15,0,2,0,660,Normal,
660,Diggersby,6,659,340,3,6,,4,127,70,0,15,0,2,0,661,Normal,evolves at lv.20
661,Fletchling,6,,341,8,9,,4,255,70,0,15,0,4,0,662,Normal,
662,Fletchinder,6,661,341,8,9,,4,120,70,0,15,0,4,0,663,Fire,evolves at lv.17
663,Talonflame,6,662,341,8,9,,4,45,70,0,15,0,4,0,664,Fire,evolves at lv.35
664,Scatterbug,6,,342,1,14,,4,255,70,0,15,0,2,0,665,Bug,
665,Spewpa,6,664,342,1,5,,4,120,70,0,15,0,2,0,666,Bug,evolves at lv.9
666,Vivillon,6,665,342,9,13,,4,45,70,0,15,0,2,0,667,Bug,evolves at lv.12
667,Litleo,6,,343,3,8,,7,220,70,0,20,0,4,0,668,Fire,
668,Pyroar,6,667,343,3,8,,7,65,70,0,20,1,4,0,669,Fire,evolves at lv.35
669,Flab??b??,6,,344,9,4,,8,225,70,0,20,0,2,0,670,Fairy,
670,Floette,6,669,344,9,4,,8,120,70,0,20,0,2,0,671,Fairy,evolves at lv.19
671,Florges,6,670,344,9,4,,8,45,70,0,20,0,2,0,672,Fairy,evolves with shiny-stone
672,Skiddo,6,,345,3,8,,4,200,70,0,20,0,2,0,673,Grass,
673,Gogoat,6,672,345,3,8,,4,45,70,0,20,0,2,0,674,Grass,evolves at lv.32
674,Pancham,6,,346,9,6,,4,220,70,0,25,0,2,0,675,Fighting,
675,Pangoro,6,674,346,9,12,,4,65,70,0,25,0,2,0,676,Fighting,evolves at lv.32
676,Furfrou,6,,347,9,8,,4,160,70,0,20,0,2,1,677,Normal,
677,Espurr,6,,348,4,6,,4,190,70,0,20,0,2,0,678,Psychic,
678,Meowstic-F,6,677,348,2,6,,4,75,70,0,20,1,2,0,679,Psychic,evolves at lv.25
679,Honedge,6,,349,3,5,,4,180,70,0,20,0,2,0,680,Steel,
680,Doublade,6,679,349,3,11,,4,90,70,0,20,0,2,0,681,Steel,evolves at lv.35
681,Aegislash,6,680,349,3,5,,4,45,70,0,20,0,2,1,682,Steel,evolves with dusk-stone
682,Spritzee,6,,350,6,4,,4,200,70,0,20,0,2,0,683,Fairy,
683,Aromatisse,6,682,350,6,12,,4,140,70,0,20,0,2,0,684,Fairy,evolves by trading sachet
684,Swirlix,6,,351,9,7,,4,200,70,0,20,0,2,0,685,Fairy,
685,Slurpuff,6,684,351,9,12,,4,140,70,0,20,0,2,0,686,Fairy,evolves by trading whipped-dream
686,Inkay,6,,352,2,10,,4,190,70,0,20,0,2,0,687,Dark,
687,Malamar,6,686,352,2,5,,4,80,70,0,20,0,2,0,688,Dark,evolves at lv.30
688,Binacle,6,,353,3,11,,4,120,70,0,20,0,2,0,689,Rock,
689,Barbaracle,6,688,353,3,11,,4,45,70,0,20,0,2,0,690,Rock,evolves at lv.39
690,Skrelp,6,,354,3,5,,4,225,70,0,20,0,2,0,691,Poison,
691,Dragalge,6,690,354,3,5,,4,55,70,0,20,0,2,0,692,Poison,evolves at lv.48
692,Clauncher,6,,355,2,14,,4,225,70,0,15,0,1,0,693,Water,
693,Clawitzer,6,692,355,2,2,,4,55,70,0,15,0,1,0,694,Water,evolves at lv.37
694,Helioptile,6,,356,10,6,,4,190,70,0,20,0,2,0,695,Electric,
695,Heliolisk,6,694,356,10,6,,4,75,70,0,20,0,2,0,696,Electric,evolves with sun-stone
696,Tyrunt,6,,357,3,6,,1,45,70,0,30,0,2,0,697,Rock,
697,Tyrantrum,6,696,357,8,6,,1,45,70,0,30,0,2,0,698,Rock,evolves at lv.39
698,Amaura,6,,358,2,8,,1,45,70,0,30,0,2,0,699,Rock,
699,Aurorus,6,698,358,2,8,,1,45,70,0,30,0,2,0,700,Rock,evolves at lv.39
700,Sylveon,6,133,67,6,8,,1,45,70,0,35,0,2,0,165,Fairy,Level up
701,Hawlucha,6,,359,5,12,,4,100,70,0,20,0,2,0,701,Fighting,
702,Dedenne,6,,360,10,6,,4,180,70,0,20,0,2,0,702,Electric,
703,Carbink,6,,361,4,1,,-1,60,70,0,25,0,1,0,703,Rock,
704,Goomy,6,,362,7,2,,4,45,35,0,40,0,1,0,704,Dragon,
705,Sliggoo,6,704,362,7,2,,4,45,35,0,40,0,1,0,705,Dragon,evolves at lv.40
706,Goodra,6,705,362,7,6,,4,45,35,0,40,0,1,0,706,Dragon,evolves at lv.50
707,Klefki,6,,363,4,1,,4,75,70,0,20,0,3,0,707,Steel,
708,Phantump,6,,364,3,4,,4,120,70,0,20,0,2,0,708,Ghost,
709,Trevenant,6,708,364,3,10,,4,60,70,0,20,0,2,0,709,Ghost,Trade
710,Pumpkaboo,6,,365,3,1,,4,120,70,0,20,0,2,0,710,Ghost,
711,Gourgeist,6,710,365,3,5,,4,60,70,0,20,0,2,0,711,Ghost,Trade
712,Bergmite,6,,366,2,8,,4,190,70,0,20,0,2,0,712,Ice,
713,Avalugg,6,712,366,2,8,,4,55,70,0,20,0,2,0,713,Ice,evolves at lv.37
714,Noibat,6,,367,7,9,,4,190,70,0,20,0,2,0,714,Flying,
715,Noivern,6,714,367,7,9,,4,45,70,0,20,0,2,0,715,Flying,evolves at lv.48
716,Xerneas,6,,368,2,8,,-1,45,0,0,120,0,1,1,716,Fairy,
717,Yveltal,6,,369,8,9,,-1,45,0,0,120,0,1,0,717,Dark,
718,Zygarde,6,,370,5,2,,-1,3,0,0,120,0,1,0,718,Dragon,
719,Diancie,6,,371,6,4,,-1,3,70,0,25,0,1,1,719,Rock,
720,Hoopa,6,,372,7,4,,-1,3,100,0,120,0,1,0,720,Psychic,
721,Volcanion,6,,373,3,8,,-1,3,100,0,120,0,1,0,721,Fire,